Workbook

Sheet Template
A1: vul_id | B1: app_id | C1: vul_title | D1: affected_url | E1: risk_rating | F1: affected_parameters | G1: description | H1: impact | I1: recommendation | J1: reference | K1: status | L1: created_on | M1: updated_on | N1: deleted_on | O1: img_ref_address
A2: ==IF(ISBLANK(C2),"",INDEX(Vulnerabilities!A:A,MATCH(C2,Vulnerabilities!B:B,0))) | B2: 1 | C2: Cross-Site Scripting (XSS) | D2: https://example.com/vulnerable-page | E2: High | F2: search, id | G2: Detailed description of the security issue | H2: Potential impact of the vulnerability | I2: Recommendations to fix the issue | J2: OWASP Top 10 - A3:2021 | K2: Open | L2: 45838.359 | O2: screenshot1.png; screenshot2.png
A3: ==IF(ISBLANK(C3),"",INDEX(Vulnerabilities!A:A,MATCH(C3,Vulnerabilities!B:B,0)))
A4: ==IF(ISBLANK(C4),"",INDEX(Vulnerabilities!A:A,MATCH(C4,Vulnerabilities!B:B,0)))
A5: ==IF(ISBLANK(C5),"",INDEX(Vulnerabilities!A:A,MATCH(C5,Vulnerabilities!B:B,0)))
A6: ==IF(ISBLANK(C6),"",INDEX(Vulnerabilities!A:A,MATCH(C6,Vulnerabilities!B:B,0)))
A7: ==IF(ISBLANK(C7),"",INDEX(Vulnerabilities!A:A,MATCH(C7,Vulnerabilities!B:B,0)))
A8: ==IF(ISBLANK(C8),"",INDEX(Vulnerabilities!A:A,MATCH(C8,Vulnerabilities!B:B,0)))
A9: ==IF(ISBLANK(C9),"",INDEX(Vulnerabilities!A:A,MATCH(C9,Vulnerabilities!B:B,0)))
A10: ==IF(ISBLANK(C10),"",INDEX(Vulnerabilities!A:A,MATCH(C10,Vulnerabilities!B:B,0)))
A11: ==IF(ISBLANK(C11),"",INDEX(Vulnerabilities!A:A,MATCH(C11,Vulnerabilities!B:B,0)))
A12: ==IF(ISBLANK(C12),"",INDEX(Vulnerabilities!A:A,MATCH(C12,Vulnerabilities!B:B,0)))
A13: ==IF(ISBLANK(C13),"",INDEX(Vulnerabilities!A:A,MATCH(C13,Vulnerabilities!B:B,0)))
A14: ==IF(ISBLANK(C14),"",INDEX(Vulnerabilities!A:A,MATCH(C14,Vulnerabilities!B:B,0)))
... A999: ==IF(ISBLANK(C999),"",INDEX(Vulnerabilities!A:A,MATCH(C999,Vulnerabilities!B:B,0)))

Sheet Vulnerabilities
A1: S.No | B1: Vulnerability
A2: 1 | B2: SQL Injection (SQLi)
A3: 2 | B3: Cross-Site Scripting (XSS)
A4: 3 | B4: Cross-Site Request Forgery (CSRF)
A5: 4 | B5: Broken Authentication and Session Management
A6: 5 | B6: Insecure Direct Object References (IDOR)
A7: 6 | B7: Security Misconfiguration
A8: 7 | B8: Sensitive Data Exposure
A9: 8 | B9: Using Components with Known Vulnerabilities
A10: 9 | B10: Insufficient Logging and Monitoring
A11: 10 | B11: Unvalidated Redirects and Forwards
A12: 11 | B12: XML External Entity (XXE) Injection
A13: 12 | B13: Improper Access Control
... A31: 30 | B31: Application Debug Mode Enabled
